Col 1,Col 2
44.000009,
0.32,36
50.01,0
1000000000000000,33
0.000091199,21
,0.0000154452
